id,lon,lat
4554537367,-74.6563912,40.3493
10895071232,-74.65979639999999,40.3503389
8942477461,-74.66049029999999,40.3510979
1539951959,-74.6558664,40.3428754
2111679164,-74.6590554,40.3468744
945429222,-74.66022339999999,40.345495299999996
11959213409,-74.659913,40.3476469
104112258,-74.6571153,40.350392
1539925621,-74.65949239999999,40.3450218
3833696009,-74.6607324,40.3485434
6942958020,-74.6588277,40.3507855
3018550468,-74.65695869999999,40.3472509
11124620725,-74.65738569999999,40.3479174
2111677264,-74.6596789,40.3473062
10034452966,-74.6575043,40.3490338
8707984863,-74.6547295,40.347410599999996
300153911,-74.6589766,40.345085399999995
494649844,-74.6558076,40.3492475
3833718162,-74.6603099,40.3457179
3833722883,-74.6579271,40.3460172
495578239,-74.65551909999999,40.3484343
2115088318,-74.6565753,40.3468136
4272435872,-74.6608993,40.3461369
2115087317,-74.6587899,40.3475427
10031648497,-74.6565675,40.346038
11423830087,-74.6598645,40.3497598
4272411291,-74.65553849999999,40.3500771
10031685710,-74.6551925,40.3487928
1612016295,-74.6550831,40.3498014
3833713746,-74.6551782,40.347381299999995
9959259091,-74.6555125,40.3486848
10031685711,-74.654883,40.3490039
5710186440,-74.6579051,40.3490653
9735506396,-74.6597517,40.3496722
299815375,-74.6527898,40.3448841
10031499534,-74.6511568,40.3424258
10031688818,-74.65517129999999,40.348118299999996
10034452959,-74.6569935,40.3491546
2115083993,-74.65885709999999,40.3471668
4554537365,-74.6562386,40.3491937
104114300,-74.636873,40.353488
10031648474,-74.6568973,40.346380499999995
3629249219,-74.6596172,40.348292
10031648472,-74.6570357,40.346091099999995
9956366936,-74.6542983,40.3451035
2111677261,-74.6610894,40.3486066
10031651458,-74.6565207,40.3434149
8942160530,-74.65983059999999,40.349649899999996
3010343680,-74.6523481,40.349986099999995
11959214274,-74.6571342,40.3459137
1544646665,-74.6541324,40.3482872
3833707890,-74.657763,40.3440826
4533166903,-74.65719829999999,40.3456227
6895118838,-74.6611247,40.3443294
9959259080,-74.6548445,40.3495883
103994771,-74.66331799999999,40.351712
2111677262,-74.6609734,40.348362699999996
3833707902,-74.65801549999999,40.3444304
4272411196,-74.6528806,40.3501013
5710145283,-74.657687,40.3459526
104004798,-74.65292939999999,40.3505444
3010343673,-74.6530362,40.349644999999995
9910692432,-74.6594783,40.345501299999995
6129786560,-74.6549998,40.3479102
300686906,-74.6567233,40.3465722
2115083973,-74.65643519999999,40.3462025
8942159413,-74.6606965,40.349316099999996
11959212289,-74.6591079,40.347292599999996
1837120212,-74.65225749999999,40.3460211
2202654309,-74.6563735,40.344183799999996
3833720808,-74.6592956,40.3461102
2124679445,-74.6589121,40.3497734
104109649,-74.65901649999999,40.3469432
9956212524,-74.65958119999999,40.3433548
10034452957,-74.6574385,40.3490166
8776400020,-74.6571407,40.3504948
8942477457,-74.66199569999999,40.350710299999996
10031651436,-74.6555822,40.3441441
11124620546,-74.6612289,40.346079599999996
1539951797,-74.6569257,40.3443111
3046623892,-74.6605297,40.346293599999996
300153639,-74.6573032,40.346716199999996
3833707886,-74.658759,40.3446728
10031648493,-74.6563595,40.3464028
3025033350,-74.65762169999999,40.3450146
8942467668,-74.6608462,40.3504569
1548271145,-74.6555606,40.3465274
4272433451,-74.6622786,40.3469463
1539925551,-74.6601594,40.3448466
3833718158,-74.65920799999999,40.3495527
4272435874,-74.66109399999999,40.3466145
5710145293,-74.65739049999999,40.3448877
5687044689,-74.6533535,40.346966099999996
8942159411,-74.6605525,40.349353099999995
10031685699,-74.65552029999999,40.3486812
10034266417,-74.6603928,40.3472619
10034266429,-74.6603926,40.3447957
2115083975,-74.6560287,40.3460532
4272411292,-74.6559681,40.350142
10034239444,-74.6603192,40.3468393
11959213393,-74.6586093,40.3457612
4272432087,-74.6619623,40.3488386
8948919377,-74.65618189999999,40.349403699999996
10031667312,-74.6558885,40.3459876
3833707897,-74.6581065,40.343531999999996
9959259098,-74.65414109999999,40.3483099
4552986571,-74.65804709999999,40.3445532
9956212493,-74.6593978,40.3437092
2111677343,-74.6625098,40.3479086
1539925608,-74.6593766,40.344726099999995
10031667301,-74.6539863,40.3450577
3018894398,-74.6573981,40.345585799999995
8948919416,-74.6534956,40.3502863
5290136950,-74.6608955,40.3504444
8942160552,-74.6539888,40.3513192
300153341,-74.6592051,40.3473414
945429204,-74.6608826,40.3476534
8776284602,-74.6604428,40.3449216
3833718164,-74.6605601,40.345926
8942181900,-74.66191309999999,40.3501433
4446013560,-74.6572315,40.345723
3833688999,-74.6622959,40.3482002
5710145296,-74.6566916,40.3438799
8942181843,-74.6620123,40.3489408
10034409415,-74.6573277,40.347932799999995
3833722879,-74.6578273,40.3457874
10031648527,-74.6552078,40.344711499999995
8942160519,-74.66092189999999,40.3494635
11124620738,-74.6562569,40.347431199999995
8948919378,-74.65621589999999,40.3493253
104017707,-74.662339,40.3506804
6895118843,-74.6607203,40.3438772
6129786555,-74.65622379999999,40.349457799999996
5710183091,-74.6539098,40.3481242
5945447833,-74.6550377,40.345984
9910692435,-74.65982749999999,40.3453661
6942958026,-74.6595737,40.3503848
104004797,-74.6535251,40.3503389
1544446686,-74.6556296,40.3483793
2115088302,-74.6557679,40.3469063
6875736964,-74.6528648,40.343587
11430151237,-74.662481,40.345464
11124620581,-74.6616092,40.3448457
3833714267,-74.65494749999999,40.344577699999995
3833713751,-74.6558439,40.348275799999996
3046629260,-74.6604835,40.3454877
10031682226,-74.654684,40.347427499999995
4552986551,-74.6557794,40.3459061
2115090993,-74.6597633,40.3486054
8942181827,-74.6549545,40.3478411
10031651447,-74.656525,40.343427399999996
5952890668,-74.6602304,40.3449824
10031646682,-74.6538812,40.3462165
3833714268,-74.65453339999999,40.3444371
2702954460,-74.6596326,40.348323199999996
4272432079,-74.6581443,40.3487149
494649828,-74.6551807,40.3490523
8948919379,-74.65629969999999,40.349430399999996
11124620569,-74.6619281,40.3444363
3059690084,-74.6592375,40.3447792
11959213403,-74.6592235,40.3474323
3833720815,-74.65867159999999,40.3463334
3833715857,-74.6539458,40.348197299999995
1544646693,-74.6542893,40.348109
8942159406,-74.661755,40.3492193
6127152639,-74.6595262,40.3456317
11124620730,-74.6569526,40.347229999999996
9956212473,-74.6596067,40.3434513
9959259096,-74.65424089999999,40.3488462
3833720836,-74.6550214,40.345903299999996
4554537368,-74.6564745,40.3492684
10031685703,-74.6557594,40.3489821
3018905438,-74.6528893,40.3454938
2115088536,-74.6561483,40.3465047
4272433438,-74.6629044,40.3470972
11427939628,-74.66096259999999,40.3432612
9959273718,-74.65607659999999,40.3483203
2115091379,-74.66001849999999,40.3481697
299815538,-74.65303159999999,40.344728499999995
11124620719,-74.6581655,40.3481588
3025033376,-74.6568308,40.3456105
8942160537,-74.6571884,40.3502474
9959259073,-74.654991,40.349834
11427873696,-74.6625356,40.3490025
3018894389,-74.6565586,40.3467631
9910692438,-74.6595877,40.345332
11124620557,-74.6625431,40.345276999999996
4828006408,-74.6621134,40.3500903
9956210389,-74.6591531,40.343024799999995
1539807967,-74.6562881,40.347421499999996
103985044,-74.6621001,40.3507497
299815197,-74.6540108,40.3464592
9959259101,-74.65732779999999,40.3482534
10034266437,-74.6599851,40.346714299999995
2202656007,-74.6561317,40.3441289
1544591079,-74.65420189999999,40.3495527
5264157756,-74.6588517,40.3476766
2115083984,-74.656958,40.346448699999996
9959259107,-74.6598565,40.3418829
8942181842,-74.6612414,40.3491636
8942602045,-74.66180729999999,40.350228
7787892194,-74.6684015,40.3416652
945429220,-74.6602912,40.345669699999995
10031667304,-74.6540048,40.345182799999996
11124620568,-74.66205769999999,40.3443818
8942160517,-74.6610686,40.349421799999995
3833721161,-74.654513,40.3450455
11424090806,-74.6618998,40.3501477
300153348,-74.65874579999999,40.346357499999996
8942159407,-74.6611617,40.349186599999996
9910692433,-74.65965969999999,40.3454622
11959213382,-74.65430959999999,40.3463245
10031648473,-74.6562922,40.3463703
11959213408,-74.66011,40.3476868
8942602046,-74.6617867,40.3501842
11124620545,-74.661619,40.3458925
8942159412,-74.66059969999999,40.3493413
11423830084,-74.6596343,40.3496137
9910681515,-74.65993619999999,40.3452489
945429226,-74.6599904,40.3448767
5420778241,-74.6599466,40.3463245
3447413069,-74.6572674,40.3485474
1544537198,-74.65435889999999,40.349900399999996
2111677255,-74.6611614,40.348737
8942159401,-74.6625456,40.348999899999995
10034409408,-74.6573496,40.347980899999996
11124620580,-74.6605245,40.3448852
11959213395,-74.65857,40.346243799999996
3833720807,-74.65936889999999,40.346137
10031685702,-74.655683,40.3490166
10031648470,-74.6573672,40.3460209
11124620583,-74.66139969999999,40.344901
1544591071,-74.654607,40.3490245
11124620736,-74.6562786,40.347302299999996
3833713750,-74.65573359999999,40.348094599999996
8942160529,-74.6597975,40.3497783
4272433496,-74.6628368,40.3461058
9039482597,-74.6615372,40.3458416
4272432078,-74.6582844,40.348675799999995
11959213476,-74.6631087,40.344779599999995
1539951937,-74.65570199999999,40.3422489
3833018863,-74.6540522,40.345169999999996
3018894393,-74.65689019999999,40.3464149
11959213414,-74.65941579999999,40.3478844
2115088291,-74.6560378,40.348233
10064262069,-74.6606675,40.348588299999996
10034409388,-74.65812079999999,40.3435597
104066554,-74.6646694,40.3422061
6127152651,-74.6617155,40.349123399999996
10034452932,-74.65889899999999,40.3448235
2111679063,-74.6591455,40.3466285
11959213491,-74.6632985,40.3443828
2115090994,-74.6596436,40.348347
4554537360,-74.65633749999999,40.3493207
3833035801,-74.6613783,40.3486694
3833715550,-74.6540515,40.3490818
3833722881,-74.65785149999999,40.3460378
2115087315,-74.6578086,40.3454523
10034266433,-74.6602851,40.3457662
2115087329,-74.6579458,40.345822399999996
10034409409,-74.6574421,40.3481811
3833696178,-74.65638849999999,40.3488519
494683057,-74.6609885,40.3463819
1544446684,-74.66079739999999,40.3470002
10031667292,-74.65324559999999,40.3447798
2115087321,-74.6583675,40.3464659
6127152652,-74.6624533,40.348904
3447413694,-74.6564301,40.348457599999996
8942477494,-74.6612741,40.3498279
6942958017,-74.6600885,40.3504364
3833690062,-74.66098029999999,40.3486468
104016444,-74.6603323,40.344885399999995
2111678790,-74.65934969999999,40.3474028
2115087328,-74.6587072,40.347354599999996
9910681505,-74.6603372,40.3466442
10034266439,-74.6597194,40.347229899999995
9956212498,-74.6592009,40.343510099999996
9959273720,-74.6556945,40.3482998
10034409376,-74.6578129,40.3452622
3833714270,-74.6547614,40.3445126
4272432088,-74.66192199999999,40.3487517
3833696179,-74.65615129999999,40.348516
11124620551,-74.66132,40.3459444
3833035803,-74.66172499999999,40.3483605
5952890671,-74.6604189,40.3448636
3833718054,-74.6583003,40.3493834
8776284573,-74.660511,40.3430483
9575392435,-74.6562771,40.3493108
104016447,-74.66057789999999,40.345317099999995
10034409410,-74.65742159999999,40.3479074
4446013559,-74.6574184,40.3456341
10034409371,-74.6574134,40.3449138
1540034358,-74.6576559,40.345101299999996
8942160526,-74.6597037,40.3497728
8942467672,-74.66066479999999,40.350502899999995
10031648499,-74.65656779999999,40.346790899999995
3019037886,-74.6553639,40.3476207
1539925625,-74.6597805,40.3451221
10034266434,-74.6603243,40.3457574
6110193297,-74.6623074,40.3448821
3833696177,-74.6576121,40.3488688
11423833865,-74.65714969999999,40.3504868
11959213474,-74.6627815,40.3446777
2115087318,-74.6580553,40.3460034
3833035799,-74.6619094,40.3487265
11427873697,-74.6624348,40.349029
299815370,-74.6554031,40.3462915
2115087326,-74.65759899999999,40.3451665
4272433453,-74.662758,40.34702
1708959062,-74.6630085,40.344012299999996
10034409372,-74.6576895,40.3450002
8942160528,-74.6596689,40.349694799999995
10031667298,-74.654355,40.3446898
12140749717,-74.6611052,40.3461366
3018890022,-74.6558579,40.3458769
4272411286,-74.6542028,40.3503226
8942160545,-74.6569959,40.350304699999995
2202654310,-74.65658359999999,40.344483499999996
4272433452,-74.6626052,40.3470808
4533166902,-74.65721909999999,40.3456846
5710182624,-74.6556755,40.3477949
7207367818,-74.65420259999999,40.3472201
11423879870,-74.6570557,40.350482899999996
10034266418,-74.6602012,40.3449396
9956212499,-74.6592119,40.343475
3018905433,-74.6542083,40.346537
3833718052,-74.6567228,40.3499633
1546023995,-74.6579234,40.3487714
9959259074,-74.6549588,40.349782999999995
2115083997,-74.6600326,40.3459557
3833707917,-74.6529212,40.3458542
8942477441,-74.66309869999999,40.3504015
8942160542,-74.6569081,40.350324199999996
9959259105,-74.6575968,40.348441199999996
10031667289,-74.6571301,40.3437683
10034266447,-74.65839319999999,40.347646399999995
11427939627,-74.6609795,40.3432406
11124620622,-74.6623705,40.3448207
8942159402,-74.662424,40.3490318
11959213412,-74.6598032,40.3474101
4533166897,-74.6612662,40.3468768
945429224,-74.6600584,40.345064699999995
10031651437,-74.65426049999999,40.3445134
2202653258,-74.6560315,40.3443347
5264157755,-74.6588256,40.3476192
12140749716,-74.66116939999999,40.3461061
1546064100,-74.6598015,40.3477331
4272433392,-74.6624216,40.3481587
2202655459,-74.6571182,40.3442703
3833707901,-74.6583527,40.344556999999995
2115091339,-74.6599226,40.3484451
8948919390,-74.6541408,40.350193999999995
10031648478,-74.6576291,40.346592699999995
10031646704,-74.6553899,40.346274699999995
11959213493,-74.6630993,40.3441845
608690323,-74.6606417,40.349427399999996
2115084007,-74.6594669,40.345786
3046629259,-74.66069689999999,40.3455869
1539763047,-74.6527516,40.344001399999996
1546024022,-74.6577616,40.3483319
8942160540,-74.6572408,40.3503559
1539972134,-74.6572831,40.343373799999995
11124620570,-74.66199809999999,40.3444068
10031580459,-74.65383539999999,40.346228499999995
9959273721,-74.6557323,40.3483981
3833709718,-74.65993209999999,40.3439787
10895071231,-74.6599423,40.350304099999995
11423833868,-74.65719709999999,40.350263399999996
3046623890,-74.6608913,40.3466964
1544537207,-74.6544363,40.3500294
8942477440,-74.6629176,40.350451899999996
11124620548,-74.66318559999999,40.3463712
4533166899,-74.6613095,40.3469051
10031646689,-74.6544148,40.346244299999995
10034452964,-74.6565062,40.349322699999995
11959213424,-74.6574796,40.347532199999996
10034452947,-74.6587727,40.3443602
10031580445,-74.6548842,40.3477591
104082455,-74.65901029999999,40.351220999999995
5710145292,-74.6574739,40.3450006
10034264796,-74.6595293,40.347637299999995
11124620574,-74.6618329,40.344657399999996
104016452,-74.6611197,40.3460392
1544658083,-74.65503869999999,40.3482699
4272433439,-74.66267119999999,40.347171599999996
9764080489,-74.6628535,40.3482394
3018905437,-74.6531694,40.3455595
10031667300,-74.65379709999999,40.3448388
3833693005,-74.66029139999999,40.3485878
10031685705,-74.6555873,40.3495539
2202654959,-74.6566833,40.345894099999995
9976014775,-74.6578035,40.3463396
8942477465,-74.6587639,40.3509385
10034264799,-74.6603756,40.348565199999996
11124620712,-74.6619458,40.3470215
3025033375,-74.6569147,40.3458202
8942160522,-74.6597807,40.349547799999996
10034266446,-74.659076,40.346928
4272433442,-74.66242009999999,40.346895499999995
11124620553,-74.6606651,40.3453361
11423830088,-74.6597378,40.3497942
10034409412,-74.65746279999999,40.3482219
104017804,-74.650273,40.3416575
7207367828,-74.6536318,40.3472228
5952890663,-74.66315639999999,40.346444399999996
9959259077,-74.65475219999999,40.3494719
8942467659,-74.66096329999999,40.349911399999996
3833707888,-74.658545,40.344512
3025033351,-74.6575253,40.3450051
9956212514,-74.6592416,40.3435025
3018890029,-74.6574589,40.3448594
11124620660,-74.6570891,40.337922
3833714261,-74.65596649999999,40.344643999999995
11124620555,-74.6624382,40.3454031
10031646694,-74.6550427,40.346026599999995
2115082155,-74.6600389,40.3455352
5952890669,-74.6603593,40.344944999999996
11424090807,-74.6617976,40.350180699999996
8942181828,-74.6549826,40.3477458
1539768595,-74.65402,40.3442924
3018872108,-74.6568643,40.3457084
4554553782,-74.6593662,40.3445957
3833688993,-74.662312,40.3482227
11423833866,-74.65729,40.3504486
11959213394,-74.6588253,40.346289399999996
10034452958,-74.6571106,40.349118399999995
11429560935,-74.65299379999999,40.3506023
4552986569,-74.6566701,40.3447435
10031646714,-74.65349719999999,40.3453199
3833696176,-74.65816769999999,40.349168399999996
104109641,-74.6600863,40.348149
4552986570,-74.65807579999999,40.3446189
4554537362,-74.6557796,40.348512799999995
3833709720,-74.6564722,40.3445098
8942160544,-74.6570078,40.350426899999995
9956212501,-74.6592083,40.3433923
3833018865,-74.6539935,40.345314599999995
3833035805,-74.66169599999999,40.3483698
1540024900,-74.6594781,40.3458628
11124620643,-74.66287849999999,40.3439273
9959259099,-74.65749939999999,40.3482134
3833715907,-74.6532117,40.3482053
104016454,-74.6618575,40.3470213
2914537536,-74.6530429,40.3450796
10031648506,-74.657855,40.345532
9959259081,-74.654501,40.3491553
10031685709,-74.6552035,40.3488079
9959259088,-74.6552148,40.3488233
1539768601,-74.6527036,40.3437255
3833047371,-74.66065929999999,40.3481664
3833715908,-74.65325709999999,40.3483011
10034239432,-74.6593121,40.3459716
3833707889,-74.6583246,40.3439232
2202935418,-74.6571922,40.344132699999996
11423833867,-74.65706709999999,40.3502821
4272432085,-74.6613352,40.3486827
8948919374,-74.656319,40.3492961
3833696183,-74.65706039999999,40.3480013
3833682427,-74.6605457,40.347526599999995
2111679062,-74.6595152,40.346810999999995
11959213451,-74.6582804,40.3479586
3046623867,-74.6625923,40.344591199999996
2115083967,-74.6595737,40.3458901
2111678791,-74.6619506,40.347147899999996
8942159416,-74.6612215,40.3493874
10034264801,-74.660231,40.348549899999995
3833718160,-74.6607629,40.346188
8948919394,-74.656639,40.3499719
9959273687,-74.6598593,40.3434606
9959273679,-74.657549,40.3433083
8776287620,-74.6613421,40.3445272
4272435878,-74.6606343,40.3465649
10031685714,-74.6547985,40.349016299999995
4552986552,-74.6557445,40.3458618
104029813,-74.6540669,40.351375999999995
8942602040,-74.66106049999999,40.3506067
1539925632,-74.6587121,40.3438176
2202656034,-74.65530199999999,40.3448259
10997305497,-74.65835799999999,40.343914399999996
4272432077,-74.6585393,40.348608399999996
11424004861,-74.6585868,40.3500826
11124620627,-74.662742,40.3443916
104092742,-74.65840539999999,40.352821899999995
1546064130,-74.6579797,40.347760099999995
11959213989,-74.6574,40.345082999999995
4272435866,-74.6609792,40.3474842
9910692428,-74.6595202,40.345839
1540034362,-74.65884679999999,40.3448334
10034266432,-74.6597094,40.345591
11345825874,-74.657392,40.3433595
11124620520,-74.6655774,40.3452683
6110193298,-74.6622958,40.3448158
1538483108,-74.6517645,40.345587699999996
4272433448,-74.6623034,40.3473107
4272441450,-74.65300309999999,40.3475154
11124620543,-74.6624906,40.345477699999996
4446013558,-74.6572114,40.3456629
4272411284,-74.65545949999999,40.3498825
3833720809,-74.65940429999999,40.3462193
9910681516,-74.6601153,40.3452086
8948926340,-74.6536543,40.3482783
2115091340,-74.65856749999999,40.3480823
3833721159,-74.6535475,40.3453063
9910692440,-74.6596217,40.345323199999996
8942159414,-74.6607746,40.349503299999995
10031667290,-74.65370589999999,40.3448779
1546023997,-74.6579307,40.3483271
1539951813,-74.6556765,40.3433084
1544671509,-74.6555996,40.3483929
10997305495,-74.6583406,40.3439608
2115091341,-74.6601811,40.348527
2707654172,-74.66097909999999,40.3430736
4272433410,-74.6619237,40.3469919
2115088308,-74.6559244,40.3469676
7207367822,-74.6545591,40.347184999999996
3833707893,-74.6576292,40.3438369
9910681514,-74.6602113,40.345909899999995
2115088294,-74.6551377,40.3477791
3447413067,-74.6577394,40.3483952
3833020333,-74.6546355,40.345011199999995
4272435861,-74.661526,40.3479959
2115082156,-74.65968289999999,40.345523299999996
3293066829,-74.65708359999999,40.342914
3833035804,-74.6613849,40.348683799999996
3833718159,-74.6593874,40.348838
495578235,-74.66163139999999,40.3467297
4554537363,-74.656457,40.3489453
10031667297,-74.65353739999999,40.344704199999995
5710422799,-74.6632063,40.3484481
4272432086,-74.6612155,40.348720199999995
10034452945,-74.6587602,40.343818999999996
1544591137,-74.6529986,40.349655999999996
3018543894,-74.65648449999999,40.3473538
9956212480,-74.6593518,40.3436854
4554537359,-74.6557164,40.3485288
10034266441,-74.6587073,40.3464132
9910692439,-74.6595403,40.3454112
7889842622,-74.6618477,40.3456945
11959213415,-74.659857,40.3477684
3833707908,-74.65742089999999,40.3439137
2202656097,-74.6558649,40.344065199999996
10034264798,-74.6600552,40.3476666
104109694,-74.658639,40.3499755
3833696182,-74.65725239999999,40.3480896
8942181886,-74.6601543,40.3508481
10031688819,-74.6551811,40.3482042
6942958023,-74.6596481,40.350557099999996
2202655612,-74.6562178,40.3439666
3025025768,-74.6575749,40.345539599999995
3833018864,-74.65415999999999,40.3452
10034457535,-74.655705,40.3496397
3833720817,-74.6581516,40.346511899999996
11959213383,-74.6545428,40.3466339
8942159408,-74.6612505,40.3493656
2111676785,-74.6604358,40.3470961
7889842623,-74.66222189999999,40.346143999999995
10031646681,-74.65409389999999,40.346390199999995
4272435873,-74.6608625,40.346153199999996
10031685713,-74.6547618,40.3489723
3833714264,-74.6560331,40.3436811
10034266430,-74.6604461,40.344750499999996
10034247608,-74.6608474,40.34653
11959213402,-74.65875009999999,40.3465032
10031651440,-74.65720329999999,40.344156999999996
1544597484,-74.6553892,40.3485016
9956379008,-74.6554221,40.3477027
494670658,-74.66000509999999,40.3466729
2115090991,-74.6598137,40.3487182
1539951963,-74.6565895,40.343890699999996
1539807975,-74.65539629999999,40.3476704
2115083977,-74.6599262,40.3461735
10034452962,-74.6564238,40.3493506
4272411283,-74.6554295,40.350614799999995
11423896581,-74.66309059999999,40.3488505
2202655613,-74.6568075,40.343874199999995
3046629266,-74.66061119999999,40.345471499999995
10034409378,-74.65773639999999,40.345114599999995
8942181838,-74.6597044,40.3495671
10034247611,-74.6610513,40.346559299999996
3833714272,-74.6550764,40.344520599999996
3833012186,-74.6558716,40.345856399999995
2202656032,-74.65544799999999,40.3439672
10031651439,-74.6567333,40.343876099999996
104114676,-74.6495724,40.3471128
5710145291,-74.657787,40.3452997
3018543881,-74.656301,40.3474341
9959259090,-74.65552339999999,40.3485496
11959214273,-74.6569899,40.3461019
11959213448,-74.65843,40.3477386
11124620549,-74.6611429,40.3459542
3046629265,-74.66040509999999,40.345523299999996
10031667309,-74.6539567,40.3453247
4272433391,-74.66166179999999,40.348236199999995
9959259103,-74.6575064,40.3486142
9910692437,-74.6597476,40.3453508
104040288,-74.6602711,40.3508564
8942160531,-74.65859789999999,40.3501038
12140749715,-74.6610783,40.3459862
8942159403,-74.6624977,40.3490125
8776287625,-74.6606504,40.3447466
3833714265,-74.6552286,40.343762
4533166901,-74.6572557,40.3442092
4272433393,-74.6623075,40.3481974
8776284557,-74.6598154,40.3440195
104017838,-74.6550376,40.347818499999995
8942160527,-74.6596232,40.3495875
8942467657,-74.6614165,40.3498497
3833036639,-74.66162229999999,40.3481686
8707984868,-74.6544449,40.3473748
10031580458,-74.65394669999999,40.3462002
10034409394,-74.6577817,40.3452123
10034409406,-74.65556459999999,40.3484103
9910681508,-74.6604698,40.3463855
4554553784,-74.6591321,40.344501799999996
10064262068,-74.66033329999999,40.3486738
3833720829,-74.6573001,40.3460367
11124620578,-74.66156889999999,40.3447916
2115088317,-74.6555872,40.3473336
3833696172,-74.65756379999999,40.3486396
11959213413,-74.6601824,40.3473107
3833718055,-74.6584817,40.3496769
3025033334,-74.65774909999999,40.345354799999996
5973660721,-74.6656648,40.345304999999996
10034452963,-74.6563716,40.349368
11124620572,-74.66161009999999,40.3445233
8948919392,-74.6551047,40.349857899999996
2202935417,-74.6571261,40.343743499999995
9910692417,-74.6593589,40.3452148
4533166893,-74.6610405,40.3473793
8942467658,-74.6610163,40.3500131
9956210340,-74.6599315,40.3419642
10031685712,-74.6548308,40.348940299999995
8942160538,-74.6572824,40.350443899999995
10034247612,-74.6603323,40.347125
4552986572,-74.6579987,40.344434199999995
104087022,-74.6611322,40.3509868
3046629268,-74.6602556,40.3455843
8942160535,-74.6585097,40.3501297
1539951888,-74.6563382,40.3434889
8948919376,-74.656391,40.3493949
5034731121,-74.657575,40.345009499999996
7650984049,-74.6587429,40.350578299999995
9910692421,-74.65928679999999,40.3453922
1539925580,-74.6589315,40.3434686
9976014774,-74.65785559999999,40.3464479
2115091342,-74.6601292,40.348509299999996
5945447839,-74.6540129,40.3462842
6110193293,-74.66248809999999,40.345301299999996
11424004862,-74.6585011,40.350131999999995
11430151240,-74.6624009,40.3453531
4272433450,-74.6624973,40.3472271
10034457538,-74.65568859999999,40.349645699999996
1539925617,-74.6597621,40.3440381
3833688996,-74.66261159999999,40.3480522
1539925571,-74.6603011,40.3448159
11124620544,-74.6618992,40.3457563
9959273719,-74.655919,40.3482607
10031506699,-74.65293659999999,40.3447131
4554537361,-74.6558194,40.3486599
3059696415,-74.6532962,40.3453746
8948919383,-74.6565731,40.3496381
8776284613,-74.6618317,40.344428799999996
9956212490,-74.6596885,40.343759999999996
4554537370,-74.657083,40.3490507
6942958024,-74.6595076,40.350229399999996
10031651443,-74.65697089999999,40.344291999999996
4272411293,-74.6553028,40.350378899999995
8942467656,-74.66143989999999,40.349903499999996
10031682228,-74.6545889,40.3478371
2718342231,-74.6532122,40.343599399999995
3833707914,-74.6535193,40.3460073
12140749714,-74.66101499999999,40.346017599999996
3833696189,-74.6595258,40.3468357
10034409404,-74.6564357,40.3435035
4272441395,-74.6550768,40.3477055
11124620689,-74.66185399999999,40.3442475
5952890667,-74.659837,40.345925699999995
3833047373,-74.6603782,40.3482517
104041982,-74.6543631,40.351283699999996
9956212525,-74.6595152,40.343366499999995
5710145295,-74.65319,40.345405199999995
2115092032,-74.657905,40.3487369
9910692442,-74.6595032,40.3455747
3833714269,-74.6547847,40.3443669
104108505,-74.66081129999999,40.3493813
1544591110,-74.65312589999999,40.3496169
8942160525,-74.6597228,40.3498003
11124620558,-74.6625834,40.3454378
4941740470,-74.6541077,40.350144799999995
2124679063,-74.66136039999999,40.3491292
4272433449,-74.66235209999999,40.3468014
2111677254,-74.6603004,40.347133899999996
3833715556,-74.6538597,40.348022799999995
103984134,-74.6615711,40.3498113
10034409387,-74.6576224,40.3438245
9959259087,-74.65520219999999,40.3488292
3833714271,-74.6547222,40.344685999999996
3833035797,-74.6618201,40.3485406
3833713747,-74.6551259,40.3473179
2111675747,-74.6612099,40.3470745
3833683072,-74.6615119,40.347966899999996
8942159410,-74.6606619,40.3493257
10031648477,-74.6574596,40.3462372
10031685701,-74.6554836,40.348842
495578267,-74.6557474,40.347557599999995
11124620690,-74.6625991,40.345337099999995
5945447840,-74.65557199999999,40.3456678
3833714262,-74.65580709999999,40.3444315
10031685698,-74.65551099999999,40.3488292
3833688994,-74.6621138,40.3484535
3833728527,-74.6563431,40.3428909
299815456,-74.6545917,40.3450242
4272411285,-74.6551479,40.3499969
3833696180,-74.65719729999999,40.348283699999996
6131819464,-74.6530671,40.344825799999995
9039482598,-74.661255,40.3454903
10031685694,-74.65583579999999,40.348947599999995
10997305494,-74.65838099999999,40.3440614
4533166900,-74.6612694,40.346837199999996
1539925628,-74.66016929999999,40.3448687
2934334779,-74.6530554,40.3433705
2111676777,-74.6605421,40.3468063
8942181829,-74.6550926,40.3478889
5952890664,-74.662556,40.346660299999996
3833682428,-74.6604857,40.3474091
3833722882,-74.65762889999999,40.346092
10031682217,-74.6554333,40.3463299
11423879869,-74.6569231,40.3503277
8776284593,-74.6606381,40.3452936
3833707900,-74.65803,40.3446348
4554537366,-74.6563795,40.349139099999995
11430151236,-74.6626288,40.3454178
10031667293,-74.6533759,40.3449677
2202656035,-74.65491899999999,40.3443294
2115088285,-74.6549713,40.3472976
2111679060,-74.6588769,40.3464835
4554537364,-74.65653929999999,40.349077099999995
9959273668,-74.6583174,40.3423794
3833688997,-74.6620717,40.348465999999995
4533149943,-74.6620633,40.3482791
3018543885,-74.6562996,40.3473183
4272441439,-74.6528946,40.3475442
8942160520,-74.6607963,40.349498499999996
9959259078,-74.6554038,40.349620699999996
1539925615,-74.6590346,40.3450685
8942160533,-74.6585447,40.350001899999995
8942181837,-74.6585839,40.349859699999996
7650984054,-74.6586573,40.3503804
2115088532,-74.6558992,40.3467975
1544646683,-74.6541101,40.3483363
103984130,-74.6610561,40.349935699999996
2111679059,-74.65974709999999,40.347288899999995
9956212489,-74.6589035,40.344001899999995
2115088314,-74.6550704,40.3472363
4533166894,-74.6610086,40.3473681
11959213990,-74.6573508,40.344904299999996
4272433390,-74.66171229999999,40.3483379
3019037885,-74.6558952,40.3478695
10031580438,-74.6537501,40.3462493
1539925553,-74.6591412,40.3451976
11427939631,-74.6609272,40.3433016
8942467669,-74.66087,40.350505
10034452965,-74.6576747,40.348981599999995
3790904442,-74.65621809999999,40.343457699999995
3833696163,-74.6574007,40.3489418
8942160521,-74.6608557,40.3494819
11959212287,-74.6588108,40.3464938
9910692422,-74.65919459999999,40.3454093
4272411231,-74.6541773,40.3492488
11124620726,-74.65724,40.3475902
11959213489,-74.6634601,40.344311499999996
2115090983,-74.6589516,40.348956199999996
8942160536,-74.65854709999999,40.3501185
4552986550,-74.6543978,40.3461174
2115088296,-74.65541309999999,40.3470874
3833720820,-74.6579132,40.3465675
8942181895,-74.6613939,40.349797699999996
11124620644,-74.6619259,40.3442152
3833718163,-74.6604109,40.3459943
1539972137,-74.6584838,40.3430745
3833720825,-74.65706879999999,40.346165
10034452946,-74.6587662,40.344204399999995
4272411197,-74.6524622,40.3502193
9959259076,-74.6544582,40.3491012
11423830085,-74.6597929,40.3495737
11424004863,-74.6585805,40.350108999999996
11124620576,-74.6618767,40.3447296
103981999,-74.6607439,40.350072999999995
3790904447,-74.65637219999999,40.3435462
9956212481,-74.65930759999999,40.343720499999996
3833688972,-74.6602819,40.3485569
3059696416,-74.65307829999999,40.345437499999996
3833720819,-74.657719,40.346168899999995
3046623888,-74.66081249999999,40.3461742
8942159409,-74.6612045,40.3492713
10034247610,-74.6609486,40.3465111
945429203,-74.6606652,40.347760099999995
299815542,-74.6524314,40.3439288
5527170097,-74.660395,40.343182399999996
494671844,-74.6609082,40.347605699999995
103978126,-74.6646682,40.3465896
11959212290,-74.65916159999999,40.3473196
8942477466,-74.6575719,40.3513327
3833728523,-74.6588254,40.349585999999995
4828006409,-74.6618446,40.350165499999996
4272410487,-74.6517631,40.3499932
3833720826,-74.6569852,40.345977999999995
3833720805,-74.6592958,40.346353799999996
104082460,-74.6584985,40.3500143
2115087324,-74.6589864,40.3479605
9910692431,-74.6600636,40.346039999999995
10034266440,-74.6587667,40.346305799999996
8942160524,-74.6598757,40.3497556
11959213632,-74.6565804,40.3457412
2124679066,-74.6601543,40.3494064
6895118836,-74.6613907,40.3445652
10759732105,-74.6609695,40.3497284
11124620710,-74.6621808,40.3473636
2202655614,-74.6574464,40.343891299999996
7238268357,-74.6606113,40.3453666
10034266438,-74.6595528,40.3468282
1544591131,-74.65454,40.349056999999995
9956212472,-74.65966089999999,40.3434344
103984132,-74.66133099999999,40.349871
8942159415,-74.6607322,40.3494028
3833707903,-74.6579525,40.3444431
4272433433,-74.66212639999999,40.347387
10031580461,-74.6539074,40.346322199999996
3790904454,-74.6577288,40.345084799999995
10031685695,-74.65564169999999,40.3490353
10034266443,-74.65868929999999,40.3463728
2111678792,-74.6595889,40.3475016
1544597486,-74.6553622,40.3485137
3833718053,-74.65905029999999,40.349185899999995
6127152656,-74.660175,40.3494483
9575392436,-74.65635309999999,40.3494093
9956212494,-74.6593705,40.343668799999996
2111679162,-74.65931549999999,40.346152499999995
10034452941,-74.6587643,40.3439765
9910692420,-74.65942799999999,40.3453636
10034247613,-74.6604208,40.3473356
1539925549,-74.6595509,40.345171799999996
3833696190,-74.6593103,40.3468923
495578237,-74.6592478,40.3474261
3018550467,-74.6572071,40.3475982
10031667316,-74.6558833,40.3460892
104052270,-74.66193009999999,40.3443189
10034452960,-74.65665489999999,40.349272299999996
9764080492,-74.6627761,40.3482736
2115083986,-74.6581497,40.3481926
9956212513,-74.6589656,40.3435442
1544591115,-74.65545689999999,40.348464899999996
9956210338,-74.6592541,40.3422096
8942181826,-74.654901,40.3477678
1539951794,-74.6562186,40.342844899999996
4272435860,-74.6615758,40.3480839
11959213633,-74.6546147,40.345054
3833720818,-74.65796259999999,40.3461044
8942477497,-74.66103509999999,40.349888199999995
8948919375,-74.6561468,40.349350199999996
10034457540,-74.6554359,40.3497376
2115082154,-74.6597517,40.345698899999995
3833720823,-74.65740339999999,40.3461034
4272411238,-74.654422,40.348723299999996
6117567728,-74.6630862,40.3448092
8942160543,-74.6570837,40.350276099999995
1612243891,-74.66323539999999,40.3484844
8776287660,-74.6617856,40.3442783
10031646707,-74.65344999999999,40.3455699
10031682225,-74.6545108,40.3472031
9959259089,-74.6551814,40.3487777
104016460,-74.6630575,40.3487282
11124620554,-74.66264629999999,40.345410099999995
10031685715,-74.65528259999999,40.3482534
3833707894,-74.6574748,40.3438722
11345825875,-74.6574888,40.343556299999996
11959213423,-74.65757409999999,40.3477427
10031648498,-74.6565194,40.345934
6127152657,-74.6592525,40.349643
1708959104,-74.66284689999999,40.3439032
3833696188,-74.65948379999999,40.347200199999996
3629249220,-74.6598702,40.348577899999995
2902844445,-74.6521748,40.3442887
3833012188,-74.6557271,40.3458372
3833720822,-74.6572369,40.3457358
3025025767,-74.6574571,40.3455736
2111677260,-74.6611645,40.347839799999996
8948919389,-74.65502339999999,40.3498865
3833722884,-74.6576884,40.3454949
8942160532,-74.6584867,40.3498853
2111679057,-74.65986269999999,40.3469554
10034266442,-74.6587278,40.3463171
9956212526,-74.659284,40.343378
11430151238,-74.6625112,40.3454689
104108500,-74.6610955,40.3493037
3046629267,-74.6602707,40.3456171
9910692418,-74.6596115,40.3453255
11124620642,-74.6628233,40.344426899999995
3833689009,-74.6612844,40.3492476
8948926317,-74.6544066,40.3499791
8942181894,-74.6612138,40.349389099999996
2111679163,-74.659252,40.346364699999995
10031651446,-74.6565435,40.3434901
4554553783,-74.6591991,40.3445293
10034457539,-74.6554982,40.3498425
3833047374,-74.66011879999999,40.348139599999996
6942958025,-74.65936219999999,40.3498867
11124620573,-74.6617502,40.344709099999996
2111676783,-74.6599717,40.3463005
11124620547,-74.66188869999999,40.346945
10031646706,-74.6535037,40.345334
3018894396,-74.6581171,40.3460587
8948926343,-74.6516192,40.348639899999995
8776284615,-74.661757,40.344335799999996
3833720830,-74.6572541,40.346119099999996
5710182623,-74.6556998,40.3475679
3833718051,-74.6566223,40.3492124
2111677259,-74.6608339,40.3477856
11424004860,-74.658506,40.349924099999996
1539925602,-74.6592405,40.345075
11427939629,-74.6609495,40.3432767
3833722880,-74.6577473,40.3458079
7238268352,-74.6616635,40.3450476
11959212286,-74.6546292,40.347929199999996
2111678793,-74.6599004,40.3476205
6942958028,-74.6594479,40.3506143
10034409370,-74.6573664,40.3448585
1539768573,-74.652782,40.3437543
7889842640,-74.6615686,40.345826699999996
1544446683,-74.6557414,40.3482907
4533166895,-74.6610955,40.347397099999995
10031651438,-74.65664459999999,40.3438843
11959213405,-74.6596256,40.3475156
2111676787,-74.6606865,40.3467165
10031646680,-74.6541366,40.3464453
3018894390,-74.6562965,40.3466531
9910692419,-74.6598001,40.345284199999995
9910681510,-74.6602434,40.345996299999996
10031682229,-74.6545053,40.347654399999996
1539925582,-74.65906729999999,40.3437695
9976014773,-74.6578931,40.346526
11124620575,-74.66179319999999,40.3447672
3833707907,-74.65750969999999,40.344101099999996
4272432076,-74.6586824,40.348571299999996
9910692443,-74.6594854,40.345521999999995
104109643,-74.65956589999999,40.3476552
299813413,-74.6564709,40.3473287
11124620718,-74.6585474,40.3480691
3833720828,-74.65715469999999,40.3460675
3833720827,-74.6571436,40.3459363
8942602039,-74.6609472,40.350432999999995
300153466,-74.6541118,40.3464136
3833721158,-74.65390719999999,40.3453382
3790904439,-74.6560159,40.3434003
10031580456,-74.6538269,40.3463403
11430151235,-74.6625291,40.3452832
3833713752,-74.65519069999999,40.3448583
10031682224,-74.6541474,40.3467324
1539925550,-74.6594944,40.3437063
1539925627,-74.658939,40.3437683
2202656008,-74.6563662,40.343533
8942602038,-74.6609849,40.3504761
10997305496,-74.6584633,40.3438854
3833707905,-74.65820699999999,40.3441788
2115083978,-74.65577979999999,40.346114899999996
1539972125,-74.6565335,40.343454099999995
1539951861,-74.6564272,40.3434891
2914537533,-74.6529936,40.344760199999996
8942181832,-74.6597055,40.3497894
10034452961,-74.6566172,40.349347699999996
4272435867,-74.6614341,40.3468194
3833690063,-74.66099439999999,40.3486748
4272411290,-74.65521869999999,40.3501924
8942159405,-74.66172499999999,40.349229799999996
8942181824,-74.6551528,40.347875599999995
2115087320,-74.65857249999999,40.3470307
11424090813,-74.66215009999999,40.3506692
11959213502,-74.6628197,40.344046
104029815,-74.6528331,40.349095299999995
11124620563,-74.662379,40.344871499999996
3833047372,-74.6607672,40.3479522
8942160518,-74.661138,40.3494062
8942477496,-74.6613094,40.349819
9959259072,-74.65504899999999,40.349931399999996
11959213404,-74.6593899,40.3478054
1778379259,-74.653868,40.3462701
8942160571,-74.6552119,40.3477505
9959259102,-74.65743739999999,40.3484926
11430151239,-74.6624075,40.3453351
12140749719,-74.6625602,40.3485221
6110193290,-74.6627393,40.344739
12140749718,-74.6628578,40.3483836
2115083969,-74.6608732,40.3467552
8942467660,-74.6609857,40.3499544
6895118841,-74.66067679999999,40.3447955
10034266427,-74.66000129999999,40.344906699999996
4552986573,-74.6579278,40.344256
5710182598,-74.6525915,40.3500385
1539925590,-74.65997469999999,40.3448273
11124620582,-74.6613661,40.3448411
9959259106,-74.6578183,40.348556699999996
2115090989,-74.65939949999999,40.347851399999996
8942477495,-74.66108729999999,40.349875
7889842641,-74.6617945,40.3461214
3046623885,-74.6610458,40.3460593
5710145297,-74.657001,40.344279199999995
10031651441,-74.6570928,40.344237799999995
8942181893,-74.6600074,40.3504589
9910681507,-74.660254,40.3465801
300686886,-74.6562634,40.346846899999996
10034264797,-74.6599372,40.347697499999995
8776284614,-74.6617929,40.3443816
2202935416,-74.65713199999999,40.343713099999995
3025033348,-74.6577428,40.345026399999995
10031580460,-74.6537855,40.346291199999996
2111677258,-74.661932,40.3476139
104004796,-74.6562573,40.3493791
2707654162,-74.6607939,40.3431573
945429215,-74.66058679999999,40.346443699999995
10034239438,-74.6591581,40.3457799
5710132587,-74.6611812,40.3460101
9976014776,-74.65776369999999,40.3462612
10034266426,-74.659956,40.3449169
3833707906,-74.65785799999999,40.3442742
9575392426,-74.661785,40.349203599999996
10034409373,-74.65762459999999,40.3449173
1539768602,-74.652846,40.3439914
8942160523,-74.6598794,40.3497309
3447413072,-74.6565378,40.348802899999995
10031580457,-74.6539497,40.346311199999995
2115090987,-74.65954169999999,40.349200499999995
2115090988,-74.6587692,40.3485473
10034239441,-74.65916,40.3453175
10031667299,-74.6541671,40.344738899999996
11959212288,-74.65894639999999,40.3475028
495578238,-74.65736179999999,40.3479241
10034239445,-74.6604035,40.346826199999995
3833707896,-74.6579136,40.3438653
4533149944,-74.66203879999999,40.3484019
1539925626,-74.65928629999999,40.3447096
4554537369,-74.6569504,40.3490951
11959213406,-74.65976309999999,40.3477204
104052252,-74.6625325,40.345366299999995
1539768558,-74.65373459999999,40.3431898
6127152659,-74.6592691,40.349679699999996
10034266445,-74.659036,40.3469838
3010343679,-74.6533233,40.3499791
4941740466,-74.66043979999999,40.348989499999995
11423830086,-74.65986869999999,40.3497269
3833020329,-74.65419,40.3445022
9910681506,-74.66058319999999,40.3466951
4554553780,-74.6610529,40.3460685
1546023983,-74.6578073,40.3484616
8942159386,-74.6629588,40.348662999999995
3025033349,-74.65770309999999,40.3450226
3833714263,-74.6559082,40.344387499999996
3833696174,-74.6580764,40.3490203
10031651442,-74.6570342,40.3442643
8942160534,-74.65857319999999,40.3501112
9959259097,-74.653989,40.3489551
5527170109,-74.6611467,40.3433407
3018894397,-74.6574366,40.345681299999995
8942160539,-74.65720859999999,40.350467699999996
4272433490,-74.662582,40.346699199999996
9959259082,-74.6555982,40.348645
1539925555,-74.65907059999999,40.345092799999996
5952890676,-74.6568825,40.3485146
1546724231,-74.6613376,40.3468582
8776400028,-74.6544856,40.3513425
10759732112,-74.66125149999999,40.349679699999996
3010343682,-74.65244229999999,40.3501787
11124620625,-74.66283709999999,40.3441895
3654876029,-74.652328,40.3418056
3447413592,-74.6578794,40.3486836
3833722878,-74.6575202,40.345866099999995
104017835,-74.6541989,40.3467081
10031685706,-74.6554244,40.3493479
8942160541,-74.6570705,40.3505002
1544591088,-74.6540522,40.349306399999996
9956212476,-74.6594714,40.343528299999996
2115083991,-74.65898969999999,40.347006799999996
10031685704,-74.6557212,40.3489994
11959213988,-74.6542928,40.3452371
2202935419,-74.65714849999999,40.343881499999995
3046623893,-74.6592678,40.3460386
